group,setting,mechanism,fraction_coupled_mean,dates_per_person_mean,mean_utility_of_coupled_mean,blocking_pairs_per_person_mean,fraction_coupled_se,dates_per_person_se,mean_utility_of_coupled_se,blocking_pairs_per_person_se
default,default,one_shot,0.7356666666666668,1.0,1.19519582126638,3.9400833333333334,0.003835754096902455,0.0,0.005566543433285625,0.04472730475782035
default,default,cycles,0.9020833333333331,1.6143333333333334,1.136717812138378,2.8247500000000003,0.0018752907833332719,0.010004214633897774,0.005220629072484668,0.02879900540247824
default,default,events,0.7815833333333333,5.0,1.3063428179245744,2.5626666666666664,0.00337577151675485,0.0,0.00578746518728432,0.03502815330970371
default,default,oracle,0.9156666666666666,60.0,1.4430293053538972,0.0,0.001790383144319045,0.0,0.005800057059778478,0.0
sigma_q,sigma_q=0.25,one_shot,0.7651666666666667,1.0,1.2448639640803771,2.9376666666666664,0.003708362740553041,0.0,0.005983221514672486,0.04370288242074693
sigma_q,sigma_q=0.25,cycles,0.9025,1.562916666666667,1.1796474548047597,2.2065833333333336,0.0019296317015506496,0.009332434076683578,0.005566979320659851,0.02930873452264386
sigma_q,sigma_q=0.25,events,0.7815833333333333,5.0,1.3063428179245744,2.5626666666666664,0.00337577151675485,0.0,0.00578746518728432,0.03502815330970371
sigma_q,sigma_q=0.25,oracle,0.9156666666666666,60.0,1.4430293053538972,0.0,0.001790383144319045,0.0,0.005800057059778478,0.0
sigma_q,sigma_q=0.5,one_shot,0.7356666666666668,1.0,1.19519582126638,3.9400833333333334,0.003835754096902455,0.0,0.005566543433285625,0.04472730475782035
sigma_q,sigma_q=0.5,cycles,0.9020833333333331,1.6143333333333334,1.136717812138378,2.8247500000000003,0.0018752907833332719,0.010004214633897774,0.005220629072484668,0.02879900540247824
sigma_q,sigma_q=0.5,events,0.7815833333333333,5.0,1.3063428179245744,2.5626666666666664,0.00337577151675485,0.0,0.00578746518728432,0.03502815330970371
sigma_q,sigma_q=0.5,oracle,0.9156666666666666,60.0,1.4430293053538972,0.0,0.001790383144319045,0.0,0.005800057059778478,0.0
sigma_q,sigma_q=1.0,one_shot,0.6435833333333334,1.0,1.1193415561849416,6.089666666666667,0.004475065075059689,0.0,0.006549658916566979,0.07056311745880636
sigma_q,sigma_q=1.0,cycles,0.8985833333333333,1.8006666666666666,1.0604991683120468,3.8463333333333334,0.002177807653426043,0.011451009917937524,0.005616693547881527,0.04018663883450801
sigma_q,sigma_q=1.0,events,0.7815833333333333,5.0,1.3063428179245744,2.5626666666666664,0.00337577151675485,0.0,0.00578746518728432,0.03502815330970371
sigma_q,sigma_q=1.0,oracle,0.9156666666666666,60.0,1.4430293053538972,0.0,0.001790383144319045,0.0,0.005800057059778478,0.0
sigma_q,sigma_q=2.0,one_shot,0.523,1.0,1.0586215885782786,8.508333333333333,0.004738499551663658,0.0,0.0072390748451231085,0.07743335240558998
sigma_q,sigma_q=2.0,cycles,0.8801666666666667,2.0993333333333335,1.0048693141937795,4.73875,0.0027055116727713355,0.01307637659256645,0.005557354640511415,0.042489847951602586
sigma_q,sigma_q=2.0,events,0.7815833333333333,5.0,1.3063428179245744,2.5626666666666664,0.00337577151675485,0.0,0.00578746518728432,0.03502815330970371
sigma_q,sigma_q=2.0,oracle,0.9156666666666666,60.0,1.4430293053538972,0.0,0.001790383144319045,0.0,0.005800057059778478,0.0
outside_q,outside_q=0.3,one_shot,0.8927499999999999,1.0,1.0534073474044026,4.042583333333333,0.0025547535641057433,0.0,0.005728801735260196,0.04853244056864289
outside_q,outside_q=0.3,cycles,0.9582499999999999,1.1925,1.0093631126612579,3.6325833333333333,0.0012106307219112219,0.006404769910798793,0.005711049537352518,0.038934958703108064
outside_q,outside_q=0.3,events,0.8865833333333333,5.0,1.1750268526110106,2.868333333333333,0.0026673405241557477,0.0,0.00567742146094045,0.041409929299095816
outside_q,outside_q=0.3,oracle,0.96025,60.0,1.3749883967552097,0.0,0.0011913370302303163,0.0,0.005487002985879425,0.0
outside_q,outside_q=0.5,one_shot,0.7356666666666668,1.0,1.19519582126638,3.9400833333333334,0.003835754096902455,0.0,0.005566543433285625,0.04472730475782035
outside_q,outside_q=0.5,cycles,0.9020833333333331,1.6143333333333334,1.136717812138378,2.8247500000000003,0.0018752907833332719,0.010004214633897774,0.005220629072484668,0.02879900540247824
outside_q,outside_q=0.5,events,0.7815833333333333,5.0,1.3063428179245744,2.5626666666666664,0.00337577151675485,0.0,0.00578746518728432,0.03502815330970371
outside_q,outside_q=0.5,oracle,0.9156666666666666,60.0,1.4430293053538972,0.0,0.001790383144319045,0.0,0.005800057059778478,0.0
outside_q,outside_q=0.7,one_shot,0.48175000000000007,1.0,1.4057487108236923,3.0006666666666666,0.004179790888365521,0.0,0.006278983320590037,0.034175059229895034
outside_q,outside_q=0.7,cycles,0.7513333333333333,2.44625,1.349162110845227,1.6663333333333332,0.0032770797693417084,0.01286197694234593,0.005254230336513952,0.020331205094981014
outside_q,outside_q=0.7,events,0.5943333333333333,5.0,1.4934216416928923,1.8846666666666667,0.0038455671072451813,0.0,0.006327339822016051,0.023661652806006694
outside_q,outside_q=0.7,oracle,0.8069999999999999,60.0,1.561102418118209,0.0,0.0026821160508690564,0.0,0.005261952201530378,0.0
outside_q,outside_q=0.85,one_shot,0.2245,1.0,1.681415470698578,1.445,0.0034097398837475176,0.0,0.00887987993954484,0.015471376282900696
outside_q,outside_q=0.85,cycles,0.47141666666666665,3.5772500000000003,1.6468286354349926,0.7153333333333333,0.004079708164150261,0.013721921994242658,0.006104368687090524,0.01027766384411777
outside_q,outside_q=0.85,events,0.34450000000000003,5.0,1.7274496652847922,0.9692500000000002,0.0037213637684376894,0.0,0.0072842218846864105,0.01294886299115946
outside_q,outside_q=0.85,oracle,0.5824166666666666,60.0,1.754890438343121,0.0,0.003312745255503587,0.0,0.005867973039843514,0.0
lam,lam=0.0,one_shot,0.7925,1.0,1.0940954145232211,4.976749999999999,0.0038732536454956137,0.0,0.004913289458685678,0.062216290465392975
lam,lam=0.0,cycles,0.9502499999999999,1.362083333333333,1.0770410275890345,3.3566666666666665,0.0012585691759862076,0.00842159084440951,0.004739032961222596,0.034769521106709965
lam,lam=0.0,events,0.8517500000000001,5.0,1.2425324722039985,2.4549166666666666,0.0031732882810731515,0.0,0.004874481037001042,0.03268182345448982
lam,lam=0.0,oracle,0.9619166666666666,60.0,1.4368590030761768,0.0,0.00124125922176288,0.0,0.004161835075585691,0.0
lam,lam=0.5,one_shot,0.7356666666666668,1.0,1.19519582126638,3.9400833333333334,0.003835754096902455,0.0,0.005566543433285625,0.04472730475782035
lam,lam=0.5,cycles,0.9020833333333331,1.6143333333333334,1.136717812138378,2.8247500000000003,0.0018752907833332719,0.010004214633897774,0.005220629072484668,0.02879900540247824
lam,lam=0.5,events,0.7815833333333333,5.0,1.3063428179245744,2.5626666666666664,0.00337577151675485,0.0,0.00578746518728432,0.03502815330970371
lam,lam=0.5,oracle,0.9156666666666666,60.0,1.4430293053538972,0.0,0.001790383144319045,0.0,0.005800057059778478,0.0
lam,lam=1.0,one_shot,0.659,1.0,1.458087257152007,2.5505833333333334,0.003415731988016431,0.0,0.009261636184790563,0.037093107514332
lam,lam=1.0,cycles,0.795,2.015083333333333,1.337292180522566,1.953,0.002553175402177165,0.010415433762883411,0.00895495681197193,0.02642022853254477
lam,lam=1.0,events,0.6775,5.0,1.5201998673291155,2.639583333333334,0.0030825919249863522,0.0,0.009122935029799113,0.034056321282002575
lam,lam=1.0,oracle,0.8159166666666667,60.0,1.594569444367095,0.0,0.002381465456802397,0.0,0.008718384136555799,0.0
lam,lam=2.0,one_shot,0.5794166666666666,1.0,2.151265192393144,1.4013333333333333,0.002673299696526439,0.0,0.01668014069761123,0.021630997569107375
lam,lam=2.0,cycles,0.662,2.4499166666666667,1.968643204892267,1.1598333333333333,0.002294483954272814,0.00878070309197977,0.016157690211815918,0.018080790680299094
lam,lam=2.0,events,0.55075,5.0,2.2005014286938636,2.8264166666666664,0.00273605672839469,0.0,0.017831448701703563,0.039460041613547964
lam,lam=2.0,oracle,0.6746666666666666,60.0,2.189764434353107,0.0,0.0022724775254889962,0.0,0.01588727886782898,0.0
sigma_e,sigma_e=0.25,one_shot,0.8007499999999999,1.0,1.1262188809826674,2.746166666666667,0.0034471714993044625,0.0,0.005221488868280813,0.03217929209529519
sigma_e,sigma_e=0.25,cycles,0.8964166666666668,1.5290000000000001,1.0813227374880126,2.3253333333333335,0.0020219258085876234,0.009567883183323009,0.004991571240753247,0.0265738438926227
sigma_e,sigma_e=0.25,events,0.7820833333333335,5.0,1.1932147594447071,2.30525,0.0034525124571665212,0.0,0.005200960074001254,0.032667251537341006
sigma_e,sigma_e=0.25,oracle,0.89625,60.0,1.2607608677987454,0.0,0.0017581170927707846,0.0,0.004895519145907865,0.0
sigma_e,sigma_e=0.5,one_shot,0.7356666666666668,1.0,1.19519582126638,3.9400833333333334,0.003835754096902455,0.0,0.005566543433285625,0.04472730475782035
sigma_e,sigma_e=0.5,cycles,0.9020833333333331,1.6143333333333334,1.136717812138378,2.8247500000000003,0.0018752907833332719,0.010004214633897774,0.005220629072484668,0.02879900540247824
sigma_e,sigma_e=0.5,events,0.7815833333333333,5.0,1.3063428179245744,2.5626666666666664,0.00337577151675485,0.0,0.00578746518728432,0.03502815330970371
sigma_e,sigma_e=0.5,oracle,0.9156666666666666,60.0,1.4430293053538972,0.0,0.001790383144319045,0.0,0.005800057059778478,0.0
sigma_e,sigma_e=1.0,one_shot,0.6006666666666667,1.0,1.4255281880448327,6.24,0.004025393988367561,0.0,0.007524779025461341,0.05979737328244126
sigma_e,sigma_e=1.0,cycles,0.9066666666666666,1.857,1.3525672056118383,3.3814166666666665,0.0021233592213815915,0.010400521826877571,0.006300230245769442,0.032987353865919236
sigma_e,sigma_e=1.0,events,0.7709166666666667,5.0,1.6130160319887807,3.1573333333333333,0.0029465684268547634,0.0,0.007707286527574033,0.034753587397024076
sigma_e,sigma_e=1.0,oracle,0.9452499999999999,60.0,1.9417342783720826,0.0,0.0014097525631201725,0.0,0.006431341415436949,0.0
sigma_e,sigma_e=2.0,one_shot,0.44616666666666677,1.0,2.0827246724254307,8.523416666666668,0.004061417789540355,0.0,0.014037012415834365,0.06339766827373121
sigma_e,sigma_e=2.0,cycles,0.88375,2.245,2.0099014201675653,3.8035,0.0025461609357791517,0.011808777929189138,0.010246820779315106,0.0393841461951924
sigma_e,sigma_e=2.0,events,0.7346666666666667,5.0,2.3803717177986847,4.033083333333334,0.002966309993051026,0.0,0.012264160762816967,0.03851669015058715
sigma_e,sigma_e=2.0,oracle,0.97025,60.0,3.1258575003827933,0.0,0.0009876223075880577,0.0,0.008633373990345312,0.0
dates,dates=2,one_shot,0.7356666666666668,1.0,1.19519582126638,3.9400833333333334,0.003835754096902455,0.0,0.005566543433285625,0.04472730475782035
dates,dates=2,cycles,0.8420833333333334,1.26125,1.1626851748010731,3.0970000000000004,0.0029226428365770963,0.00387359149308189,0.005283980751115021,0.031546487990307466
dates,dates=2,events,0.7115833333333333,2.0,1.2605865581169637,4.2175,0.003461113441291642,0.0,0.006793005880866405,0.048676473565029015
dates,dates=2,oracle,0.9156666666666666,60.0,1.4430293053538972,0.0,0.001790383144319045,0.0,0.005800057059778478,0.0
dates,dates=5,one_shot,0.7356666666666668,1.0,1.19519582126638,3.9400833333333334,0.003835754096902455,0.0,0.005566543433285625,0.04472730475782035
dates,dates=5,cycles,0.9020833333333331,1.6143333333333334,1.136717812138378,2.8247500000000003,0.0018752907833332719,0.010004214633897774,0.005220629072484668,0.02879900540247824
dates,dates=5,events,0.7815833333333333,5.0,1.3063428179245744,2.5626666666666664,0.00337577151675485,0.0,0.00578746518728432,0.03502815330970371
dates,dates=5,oracle,0.9156666666666666,60.0,1.4430293053538972,0.0,0.001790383144319045,0.0,0.005800057059778478,0.0
dates,dates=10,one_shot,0.7356666666666668,1.0,1.19519582126638,3.9400833333333334,0.003835754096902455,0.0,0.005566543433285625,0.04472730475782035
dates,dates=10,cycles,0.9091666666666667,1.8499166666666667,1.1334974085947758,2.807583333333333,0.0016864404877447157,0.01976251291023183,0.005258877520932583,0.028663656667770758
dates,dates=10,events,0.8258333333333333,10.0,1.3426032748708647,1.6152499999999999,0.0027524670422254156,0.0,0.0057352152463996465,0.02418486217919105
dates,dates=10,oracle,0.9156666666666666,60.0,1.4430293053538972,0.0,0.001790383144319045,0.0,0.005800057059778478,0.0
dates,dates=20,one_shot,0.7356666666666668,1.0,1.19519582126638,3.9400833333333334,0.003835754096902455,0.0,0.005566543433285625,0.04472730475782035
dates,dates=20,cycles,0.9091666666666667,1.8575,1.1334974085947758,2.807583333333333,0.0016864404877447157,0.020799805517065267,0.005258877520932583,0.028663656667770758
dates,dates=20,events,0.8634166666666667,20.0,1.3814517535683166,0.8675,0.0021679145356392265,0.0,0.005355730817148427,0.015449594741160954
dates,dates=20,oracle,0.9156666666666666,60.0,1.4430293053538972,0.0,0.001790383144319045,0.0,0.005800057059778478,0.0
