model,rep,K,c,delta,threshold,value,match_prob,partner_utility,periods_to_match,dates_to_match
one_sided,0,1,0.02,0.8,0.62630,3.13149,0.26556,1.23473,3.7656,3.7656
one_sided,0,2,0.02,0.8,0.82621,4.13106,0.36693,1.41639,2.7253,5.4507
one_sided,0,3,0.02,0.8,0.94619,4.73095,0.43239,1.52795,2.3127,6.9382
one_sided,0,4,0.02,0.8,1.03099,5.15494,0.48111,1.60829,2.0785,8.3140
one_sided,0,6,0.02,0.8,1.14823,5.74116,0.55255,1.72205,1.8098,10.8588
one_sided,0,8,0.02,0.8,1.22864,6.14319,0.60494,1.80252,1.6531,13.2245
one_sided,0,12,0.02,0.8,1.33605,6.68023,0.68077,1.91482,1.4689,17.6270
one_sided,0,16,0.02,0.8,1.40658,7.03290,0.73558,1.99339,1.3595,21.7516
one_sided,0,24,0.02,0.8,1.49510,7.47552,0.81284,2.10257,1.2302,29.5259
one_sided,0,32,0.02,0.8,1.54776,7.73879,0.86583,2.17945,1.1550,36.9589
one_sided,0,48,0.02,0.8,1.60227,8.01136,0.93228,2.28937,1.0726,51.4865
one_sided,0,64,0.02,0.8,1.62194,8.10968,0.96810,2.37132,1.0329,66.1087
one_sided,0,96,0.02,0.8,1.61069,8.05347,0.99496,2.49784,1.0051,96.4860
one_sided,0,128,0.02,0.8,1.56370,7.81849,0.99958,2.59505,1.0004,128.0537
one_sided,0,192,0.02,0.8,1.41799,7.08993,1.00000,2.73248,1.0000,192.0000
one_sided,0,256,0.02,0.8,1.23749,6.18745,1.00000,2.82686,1.0000,256.0000
one_sided,0,384,0.02,0.8,0.82840,4.14198,1.00000,2.95549,1.0000,384.0000
one_sided,0,512,0.02,0.8,0.38712,1.93561,1.00000,3.04390,1.0000,512.0000
one_sided,0,1,0.02,0.9,0.89395,8.93949,0.18567,1.44087,5.3858,5.3858
one_sided,0,2,0.02,0.9,1.11523,11.15232,0.24723,1.63442,4.0449,8.0897
one_sided,0,3,0.02,0.9,1.24431,12.44307,0.28714,1.74901,3.4826,10.4477
one_sided,0,4,0.02,0.9,1.33461,13.34607,0.31727,1.83002,3.1519,12.6077
one_sided,0,6,0.02,0.9,1.45895,14.58946,0.36251,1.94290,2.7585,16.5513
one_sided,0,8,0.02,0.9,1.54438,15.44378,0.39688,2.02154,2.5197,20.1573
one_sided,0,12,0.02,0.9,1.65967,16.59675,0.44924,2.12952,2.2260,26.7116
one_sided,0,16,0.02,0.9,1.73701,17.37013,0.48984,2.20360,2.0415,32.6635
one_sided,0,24,0.02,0.9,1.83816,18.38157,0.55329,2.30369,1.8074,43.3768
one_sided,0,32,0.02,0.9,1.90314,19.03141,0.60371,2.37120,1.6564,53.0054
one_sided,0,48,0.02,0.9,1.98280,19.82803,0.68369,2.46106,1.4626,70.2070
one_sided,0,64,0.02,0.9,2.02892,20.28917,0.74680,2.52123,1.3390,85.6991
one_sided,0,96,0.02,0.9,2.07504,20.75039,0.84130,2.60267,1.1886,114.1096
one_sided,0,128,0.02,0.9,2.09042,20.90421,0.90584,2.66084,1.1039,141.3048
one_sided,0,192,0.02,0.9,2.07738,20.77381,0.97427,2.75223,1.0264,197.0699
one_sided,0,256,0.02,0.9,2.03243,20.32434,0.99569,2.83059,1.0043,257.1073
one_sided,0,384,0.02,0.9,1.89195,18.91945,0.99999,2.95551,1.0000,384.0043
one_sided,0,512,0.02,0.9,1.71551,17.15513,1.00000,3.04390,1.0000,512.0000
one_sided,0,1,0.02,0.95,1.15296,23.05914,0.12446,1.64896,8.0345,8.0345
one_sided,0,2,0.02,0.95,1.38076,27.61523,0.16035,1.84710,6.2363,12.4727
one_sided,0,3,0.02,0.95,1.51141,30.22820,0.18350,1.96213,5.4497,16.3491
one_sided,0,4,0.02,0.95,1.60223,32.04469,0.20099,2.04274,4.9753,19.9012
one_sided,0,6,0.02,0.95,1.72689,34.53775,0.22743,2.15429,4.3969,26.3817
one_sided,0,8,0.02,0.95,1.81249,36.24977,0.24772,2.23157,4.0368,32.2944
one_sided,0,12,0.02,0.95,1.92834,38.56680,0.27913,2.33719,3.5825,42.9903
one_sided,0,16,0.02,0.95,2.00656,40.13127,0.30403,2.40933,3.2892,52.6270
one_sided,0,24,0.02,0.95,2.11015,42.20299,0.34416,2.50626,2.9057,69.7360
one_sided,0,32,0.02,0.95,2.17812,43.56244,0.37739,2.57114,2.6497,84.7919
one_sided,0,48,0.02,0.95,2.26467,45.29332,0.43342,2.65624,2.3072,110.7459
one_sided,0,64,0.02,0.95,2.31842,46.36843,0.48160,2.71168,2.0764,132.8906
one_sided,0,96,0.02,0.95,2.38144,47.62875,0.56454,2.78245,1.7713,170.0490
one_sided,0,128,0.02,0.95,2.41562,48.31233,0.63553,2.82767,1.5735,201.4057
one_sided,0,192,0.02,0.95,2.44584,48.91683,0.75152,2.88606,1.3306,255.4835
one_sided,0,256,0.02,0.95,2.45154,49.03086,0.83914,2.92643,1.1917,305.0729
one_sided,0,384,0.02,0.95,2.42882,48.57633,0.94604,2.99121,1.0570,405.9022
one_sided,0,512,0.02,0.95,2.38049,47.60989,0.98827,3.05262,1.0119,518.0787
one_sided,0,1,0.05,0.8,0.61182,3.05909,0.27033,1.22387,3.6992,3.6992
one_sided,0,2,0.05,0.8,0.80211,4.01056,0.37786,1.39896,2.6465,5.2929
one_sided,0,3,0.05,0.8,0.91363,4.56814,0.44955,1.50512,2.2244,6.6733
one_sided,0,4,0.05,0.8,0.99060,4.95298,0.50436,1.58075,1.9827,7.9309
one_sided,0,6,0.05,0.8,1.09335,5.46674,0.58724,1.68653,1.7029,10.2173
one_sided,0,8,0.05,0.8,1.16027,5.80133,0.64996,1.76040,1.5385,12.3084
one_sided,0,12,0.05,0.8,1.24251,6.21257,0.74291,1.86254,1.3461,16.1526
one_sided,0,16,0.05,0.8,1.28937,6.44686,0.81015,1.93412,1.2343,19.7495
one_sided,0,24,0.05,0.8,1.33277,6.66384,0.89953,2.03668,1.1117,26.6807
one_sided,0,32,0.05,0.8,1.34141,6.70704,0.95092,2.11472,1.0516,33.6518
one_sided,0,48,0.05,0.8,1.30712,6.53561,0.99195,2.24142,1.0081,48.3894
one_sided,0,64,0.05,0.8,1.23502,6.17511,0.99935,2.34449,1.0006,64.0414
one_sided,0,96,0.05,0.8,1.03437,5.17187,1.00000,2.49297,1.0000,96.0000
one_sided,0,128,0.05,0.8,0.79568,3.97839,1.00000,2.59460,1.0000,128.0000
one_sided,0,192,0.05,0.8,0.26599,1.32993,1.00000,2.73248,1.0000,192.0000
one_sided,0,256,0.05,0.8,-0.29851,-1.49255,1.00000,2.82686,1.0000,256.0000
one_sided,0,384,0.05,0.8,-1.47560,-7.37802,1.00000,2.95549,1.0000,384.0000
one_sided,0,512,0.05,0.8,-2.68488,-13.42439,1.00000,3.04390,1.0000,512.0000
one_sided,0,1,0.05,0.9,0.88277,8.82774,0.18868,1.43207,5.3000,5.3000
one_sided,0,2,0.05,0.9,1.09680,10.96804,0.25413,1.62007,3.9350,7.8699
one_sided,0,3,0.05,0.9,1.21954,12.19539,0.29816,1.72990,3.3539,10.0616
one_sided,0,4,0.05,0.9,1.30402,13.04024,0.33249,1.80663,3.0076,12.0304
one_sided,0,6,0.05,0.9,1.41775,14.17745,0.38622,1.91192,2.5892,15.5351
one_sided,0,8,0.05,0.9,1.49349,14.93486,0.42903,1.98386,2.3308,18.6467
one_sided,0,12,0.05,0.9,1.59124,15.91242,0.49778,2.08035,2.0089,24.1069
one_sided,0,16,0.05,0.9,1.65274,16.52740,0.55384,2.14480,1.8056,28.8890
one_sided,0,24,0.05,0.9,1.72553,17.25532,0.64484,2.22962,1.5508,37.2185
one_sided,0,32,0.05,0.9,1.76509,17.65085,0.71790,2.28591,1.3930,44.5746
one_sided,0,48,0.05,0.9,1.79889,17.98886,0.82809,2.36228,1.2076,57.9647
one_sided,0,64,0.05,0.9,1.80250,18.02501,0.90259,2.41832,1.1079,70.9073
one_sided,0,96,0.05,0.9,1.76572,17.65718,0.97743,2.51209,1.0231,98.2167
one_sided,0,128,0.05,0.9,1.69531,16.95311,0.99725,2.59727,1.0028,128.3535
one_sided,0,192,0.05,0.9,1.49923,14.99235,1.00000,2.73249,1.0000,192.0003
one_sided,0,256,0.05,0.9,1.26418,12.64177,1.00000,2.82686,1.0000,256.0000
one_sided,0,384,0.05,0.9,0.73994,7.39945,1.00000,2.95549,1.0000,384.0000
one_sided,0,512,0.05,0.9,0.17951,1.79513,1.00000,3.04390,1.0000,512.0000
one_sided,0,1,0.05,0.95,1.14409,22.88174,0.12629,1.64171,7.9181,7.9181
one_sided,0,2,0.05,0.95,1.36608,27.32156,0.16453,1.83507,6.0781,12.1562
one_sided,0,3,0.05,0.95,1.49163,29.83256,0.19018,1.94595,5.2582,15.7747
one_sided,0,4,0.05,0.95,1.57778,31.55555,0.21027,2.02276,4.7558,19.0231
one_sided,0,6,0.05,0.95,1.69392,33.87831,0.24206,2.12746,4.1313,24.7875
one_sided,0,8,0.05,0.95,1.77178,35.43565,0.26781,2.19859,3.7340,29.8717
one_sided,0,12,0.05,0.95,1.87376,37.47528,0.31028,2.29338,3.2229,38.6748
one_sided,0,16,0.05,0.95,1.93964,38.79281,0.34622,2.35612,2.8884,46.2136
one_sided,0,24,0.05,0.95,2.02166,40.43324,0.40798,2.43727,2.4511,58.8261
one_sided,0,32,0.05,0.95,2.07100,41.41999,0.46190,2.48930,2.1650,69.2796
one_sided,0,48,0.05,0.95,2.12597,42.51941,0.55556,2.55474,1.8000,86.3986
one_sided,0,64,0.05,0.95,2.15304,43.06082,0.63579,2.59617,1.5728,100.6624
one_sided,0,96,0.05,0.95,2.17078,43.41563,0.76504,2.65034,1.3071,125.4829
one_sided,0,128,0.05,0.95,2.16504,43.30088,0.85907,2.68979,1.1640,148.9976
one_sided,0,192,0.05,0.95,2.11936,42.38728,0.96304,2.75985,1.0384,199.3689
one_sided,0,256,0.05,0.95,2.04585,40.91704,0.99487,2.83124,1.0052,257.3201
one_sided,0,384,0.05,0.95,1.84772,36.95439,1.00000,2.95550,1.0000,384.0013
one_sided,0,512,0.05,0.95,1.61171,32.23416,1.00000,3.04390,1.0000,512.0000
one_sided,0,1,0.1,0.8,0.58798,2.93988,0.27827,1.20605,3.5936,3.5936
one_sided,0,2,0.1,0.8,0.76286,3.81429,0.39592,1.37084,2.5258,5.0515
one_sided,0,3,0.1,0.8,0.86107,4.30536,0.47756,1.46888,2.0940,6.2819
one_sided,0,4,0.1,0.8,0.92592,4.62959,0.54177,1.53776,1.8458,7.3832
one_sided,0,6,0.1,0.8,1.00658,5.03290,0.64128,1.63290,1.5594,9.3563
one_sided,0,8,0.1,0.8,1.05321,5.26603,0.71741,1.69901,1.3939,11.1513
one_sided,0,12,0.1,0.8,1.09779,5.48897,0.82731,1.79215,1.2087,14.5049
one_sided,0,16,0.1,0.8,1.10880,5.54402,0.89948,1.86168,1.1117,17.7880
one_sided,0,24,0.1,0.8,1.08109,5.40543,0.97308,1.97543,1.0277,24.6639
one_sided,0,32,0.1,0.8,1.01610,5.08049,0.99540,2.07499,1.0046,32.1479
one_sided,0,48,0.1,0.8,0.82650,4.13249,0.99998,2.23315,1.0000,48.0008
one_sided,0,64,0.1,0.8,0.59499,2.97493,1.00000,2.34373,1.0000,64.0000
one_sided,0,96,0.1,0.8,0.07437,0.37187,1.00000,2.49297,1.0000,96.0000
one_sided,0,128,0.1,0.8,-0.48432,-2.42161,1.00000,2.59460,1.0000,128.0000
one_sided,0,192,0.1,0.8,-1.65401,-8.27007,1.00000,2.73248,1.0000,192.0000
one_sided,0,256,0.1,0.8,-2.85851,-14.29255,1.00000,2.82686,1.0000,256.0000
one_sided,0,384,0.1,0.8,-5.31560,-26.57802,1.00000,2.95549,1.0000,384.0000
one_sided,0,512,0.1,0.8,-7.80488,-39.02439,1.00000,3.04390,1.0000,512.0000
one_sided,0,1,0.1,0.9,0.86440,8.64395,0.19369,1.41764,5.1630,5.1630
one_sided,0,2,0.1,0.9,1.06685,10.66851,0.26558,1.59686,3.7653,7.5306
one_sided,0,3,0.1,0.9,1.17970,11.79697,0.31634,1.69942,3.1611,9.4834
one_sided,0,4,0.1,0.9,1.25529,12.55292,0.35746,1.76982,2.7975,11.1901
one_sided,0,6,0.1,0.9,1.35320,13.53196,0.42459,1.86433,2.3552,14.1313
one_sided,0,8,0.1,0.9,1.41491,14.14910,0.48026,1.92734,2.0822,16.6575
one_sided,0,12,0.1,0.9,1.48807,14.88072,0.57249,2.00978,1.7467,20.9610
one_sided,0,16,0.1,0.9,1.52798,15.27981,0.64851,2.06391,1.5420,24.6720
one_sided,0,24,0.1,0.9,1.56272,15.62723,0.76799,2.13604,1.3021,31.2502
one_sided,0,32,0.1,0.9,1.56774,15.67742,0.85456,2.18765,1.1702,37.4462
one_sided,0,48,0.1,0.9,1.53517,15.35170,0.95455,2.27259,1.0476,50.2852
one_sided,0,64,0.1,0.9,1.47013,14.70127,0.99088,2.35264,1.0092,64.5892
one_sided,0,96,0.1,0.9,1.28367,12.83673,0.99996,2.49302,1.0000,96.0040
one_sided,0,128,0.1,0.9,1.05514,10.55138,1.00000,2.59460,1.0000,128.0000
one_sided,0,192,0.1,0.9,0.53923,5.39235,1.00000,2.73248,1.0000,192.0000
one_sided,0,256,0.1,0.9,-0.01582,-0.15823,1.00000,2.82686,1.0000,256.0000
one_sided,0,384,0.1,0.9,-1.18006,-11.80055,1.00000,2.95549,1.0000,384.0000
one_sided,0,512,0.1,0.9,-2.38049,-23.80487,1.00000,3.04390,1.0000,512.0000
one_sided,0,1,0.1,0.95,1.12950,22.59007,0.12934,1.62981,7.7314,7.7314
one_sided,0,2,0.1,0.95,1.34222,26.84442,0.17147,1.81560,5.8320,11.6640
one_sided,0,3,0.1,0.95,1.45983,29.19669,0.20125,1.92006,4.9688,14.9065
one_sided,0,4,0.1,0.95,1.53886,30.77729,0.22561,1.99118,4.4325,17.7300
one_sided,0,6,0.1,0.95,1.64241,32.84828,0.26608,2.08597,3.7583,22.5498
one_sided,0,8,0.1,0.95,1.70924,34.18489,0.30057,2.14862,3.3270,26.6159
one_sided,0,12,0.1,0.95,1.79229,35.84573,0.36029,2.22941,2.7756,33.3067
one_sided,0,16,0.1,0.95,1.84210,36.84209,0.41283,2.28094,2.4223,38.7569
one_sided,0,24,0.1,0.95,1.89748,37.94958,0.50509,2.34528,1.9798,47.5161
one_sided,0,32,0.1,0.95,1.92475,38.49504,0.58528,2.38559,1.7086,54.6743
one_sided,0,48,0.1,0.95,1.94297,38.85941,0.71776,2.43742,1.3932,66.8747
one_sided,0,64,0.1,0.95,1.93806,38.76117,0.81846,2.47425,1.2218,78.1960
one_sided,0,96,0.1,0.95,1.89524,37.90484,0.94088,2.53827,1.0628,102.0324
one_sided,0,128,0.1,0.95,1.82585,36.51708,0.98796,2.60502,1.0122,129.5603
one_sided,0,192,0.1,0.95,1.63586,32.71721,0.99996,2.73253,1.0000,192.0084
one_sided,0,256,0.1,0.95,1.40552,28.11040,1.00000,2.82686,1.0000,256.0000
one_sided,0,384,0.1,0.95,0.88772,17.75439,1.00000,2.95549,1.0000,384.0000
one_sided,0,512,0.1,0.95,0.33171,6.63416,1.00000,3.04390,1.0000,512.0000
one_sided,0,1,0.2,0.8,0.54135,2.70675,0.29413,1.17146,3.3998,3.3998
one_sided,0,2,0.2,0.8,0.68750,3.43752,0.43131,1.31786,2.3185,4.6371
one_sided,0,3,0.2,0.8,0.76164,3.80822,0.53115,1.40254,1.8827,5.6481
one_sided,0,4,0.2,0.8,0.80495,4.02475,0.61134,1.46128,1.6358,6.5430
one_sided,0,6,0.2,0.8,0.84683,4.23413,0.73498,1.54304,1.3606,8.1634
one_sided,0,8,0.2,0.8,0.85771,4.28855,0.82457,1.60286,1.2127,9.7020
one_sided,0,12,0.2,0.8,0.83367,4.16833,0.93355,1.69963,1.0712,12.8542
one_sided,0,16,0.2,0.8,0.77497,3.87486,0.98091,1.78806,1.0195,16.3114
one_sided,0,24,0.2,0.8,0.59817,2.99085,0.99955,1.94831,1.0004,24.0107
one_sided,0,32,0.2,0.8,0.37574,1.87868,1.00000,2.06967,1.0000,32.0000
one_sided,0,48,0.2,0.8,-0.13350,-0.66752,1.00000,2.23312,1.0000,48.0000
one_sided,0,64,0.2,0.8,-0.68501,-3.42507,1.00000,2.34373,1.0000,64.0000
one_sided,0,96,0.2,0.8,-1.84563,-9.22813,1.00000,2.49297,1.0000,96.0000
one_sided,0,128,0.2,0.8,-3.04432,-15.22161,1.00000,2.59460,1.0000,128.0000
one_sided,0,192,0.2,0.8,-5.49401,-27.47007,1.00000,2.73248,1.0000,192.0000
one_sided,0,256,0.2,0.8,-7.97851,-39.89255,1.00000,2.82686,1.0000,256.0000
one_sided,0,384,0.2,0.8,-12.99560,-64.97802,1.00000,2.95549,1.0000,384.0000
one_sided,0,512,0.2,0.8,-18.04488,-90.22439,1.00000,3.04390,1.0000,512.0000
one_sided,0,1,0.2,0.9,0.82853,8.28526,0.20369,1.38959,4.9095,4.9095
one_sided,0,2,0.2,0.9,1.00957,10.09569,0.28826,1.55290,3.4691,6.9383
one_sided,0,3,0.2,0.9,1.10481,11.04807,0.35194,1.64304,2.8414,8.5243
one_sided,0,4,0.2,0.9,1.16505,11.65051,0.40574,1.70318,2.4647,9.8586
one_sided,0,6,0.2,0.9,1.23655,12.36549,0.49671,1.78159,2.0132,12.0794
one_sided,0,8,0.2,0.9,1.27556,12.75565,0.57355,1.83263,1.7435,13.9482
one_sided,0,12,0.2,0.9,1.30969,13.09694,0.69875,1.89958,1.4311,17.1734
one_sided,0,16,0.2,0.9,1.31512,13.15119,0.79477,1.94635,1.2582,20.1317
one_sided,0,24,0.2,0.9,1.28551,12.85508,0.91875,2.02148,1.0884,26.1225
one_sided,0,32,0.2,0.9,1.22540,12.25397,0.97617,2.09335,1.0244,32.7812
one_sided,0,48,0.2,0.9,1.04984,10.49840,0.99951,2.23373,1.0005,48.0234
one_sided,0,64,0.2,0.9,0.82936,8.29360,1.00000,2.34373,1.0000,64.0000
one_sided,0,96,0.2,0.9,0.32367,3.23671,1.00000,2.49297,1.0000,96.0000
one_sided,0,128,0.2,0.9,-0.22486,-2.24862,1.00000,2.59460,1.0000,128.0000
one_sided,0,192,0.2,0.9,-1.38077,-13.80765,1.00000,2.73248,1.0000,192.0000
one_sided,0,256,0.2,0.9,-2.57582,-25.75823,1.00000,2.82686,1.0000,256.0000
one_sided,0,384,0.2,0.9,-5.02006,-50.20055,1.00000,2.95549,1.0000,384.0000
one_sided,0,512,0.2,0.9,-7.50049,-75.00487,1.00000,3.04390,1.0000,512.0000
one_sided,0,1,0.2,0.95,1.10105,22.02109,0.13544,1.60665,7.3835,7.3835
one_sided,0,2,0.2,0.95,1.29664,25.93282,0.18527,1.77862,5.3975,10.7949
one_sided,0,3,0.2,0.95,1.40019,28.00376,0.22316,1.87192,4.4811,13.4432
one_sided,0,4,0.2,0.95,1.46704,29.34079,0.25575,1.93359,3.9101,15.6405
one_sided,0,6,0.2,0.95,1.54998,30.99958,0.31265,2.01291,3.1985,19.1908
one_sided,0,8,0.2,0.95,1.59959,31.99181,0.36317,2.06329,2.7536,22.0284
one_sided,0,12,0.2,0.95,1.65453,33.09057,0.45284,2.12576,2.2083,26.4992
one_sided,0,16,0.2,0.95,1.68149,33.62976,0.53190,2.16451,1.8801,30.0809
one_sided,0,24,0.2,0.95,1.69955,33.99102,0.66553,2.21355,1.5026,36.0617
one_sided,0,32,0.2,0.95,1.69506,33.90124,0.77110,2.24759,1.2968,41.4991
one_sided,0,48,0.2,0.95,1.65459,33.09182,0.91034,2.30528,1.0985,52.7273
one_sided,0,64,0.2,0.95,1.58917,31.78333,0.97500,2.36591,1.0256,65.6408
one_sided,0,96,0.2,0.95,1.40834,28.16678,0.99965,2.49337,1.0004,96.0337
one_sided,0,128,0.2,0.95,1.18487,23.69735,1.00000,2.59460,1.0000,128.0000
one_sided,0,192,0.2,0.95,0.67586,13.51717,1.00000,2.73248,1.0000,192.0000
one_sided,0,256,0.2,0.95,0.12552,2.51040,1.00000,2.82686,1.0000,256.0000
one_sided,0,384,0.2,0.95,-1.03228,-20.64561,1.00000,2.95549,1.0000,384.0000
one_sided,0,512,0.2,0.95,-2.22829,-44.56584,1.00000,3.04390,1.0000,512.0000
two_sided,0,1,0.02,0.8,0.34277,1.71067,0.13067,1.03499,7.6531,7.6531
two_sided,1,1,0.02,0.8,0.33887,1.68897,0.13667,0.99229,7.3171,7.3171
two_sided,2,1,0.02,0.8,0.31934,1.59475,0.12833,0.97924,7.7922,7.7922
two_sided,0,2,0.02,0.8,0.46582,2.33338,0.18783,1.14105,5.3239,10.6477
two_sided,1,2,0.02,0.8,0.45410,2.26918,0.18800,1.11053,5.3191,10.6383
two_sided,2,2,0.02,0.8,0.45996,2.30159,0.18667,1.13039,5.3571,10.7143
two_sided,0,3,0.02,0.8,0.52441,2.62522,0.22356,1.17929,4.4732,13.4195
two_sided,1,3,0.02,0.8,0.53418,2.66755,0.22700,1.18716,4.4053,13.2159
two_sided,2,3,0.02,0.8,0.53613,2.67410,0.22600,1.19281,4.4248,13.2743
two_sided,0,4,0.02,0.8,0.57910,2.90045,0.25717,1.22178,3.8885,15.5541
two_sided,1,4,0.02,0.8,0.58496,2.92381,0.25233,1.24338,3.9630,15.8520
two_sided,2,4,0.02,0.8,0.57520,2.87406,0.25342,1.22079,3.9461,15.7843
two_sided,0,6,0.02,0.8,0.64746,3.24299,0.30011,1.28886,3.3321,19.9926
two_sided,1,6,0.02,0.8,0.65137,3.25158,0.30100,1.29011,3.3223,19.9336
two_sided,2,6,0.02,0.8,0.64746,3.23583,0.29872,1.28921,3.3476,20.0855
two_sided,0,8,0.02,0.8,0.69434,3.47218,0.33713,1.32805,2.9663,23.7301
two_sided,1,8,0.02,0.8,0.69434,3.47062,0.33471,1.33208,2.9877,23.9014
two_sided,2,8,0.02,0.8,0.70215,3.50398,0.33537,1.34246,2.9817,23.8539
two_sided,0,12,0.02,0.8,0.76074,3.79900,0.39128,1.39860,2.5557,30.6687
two_sided,1,12,0.02,0.8,0.75879,3.79354,0.39253,1.39478,2.5476,30.5711
two_sided,2,12,0.02,0.8,0.76074,3.80406,0.39044,1.40163,2.5612,30.7342
two_sided,0,16,0.02,0.8,0.79395,3.97520,0.43952,1.42928,2.2752,36.4033
two_sided,1,16,0.02,0.8,0.79590,3.97419,0.43792,1.43128,2.2835,36.5366
two_sided,2,16,0.02,0.8,0.79980,3.99427,0.43594,1.44049,2.2939,36.7025
two_sided,0,24,0.02,0.8,0.84277,4.21007,0.51103,1.48876,1.9568,46.9642
two_sided,1,24,0.02,0.8,0.84082,4.19814,0.50939,1.48728,1.9631,47.1153
two_sided,2,24,0.02,0.8,0.83887,4.19214,0.50904,1.48593,1.9645,47.1474
two_sided,0,32,0.02,0.8,0.86035,4.30668,0.56917,1.52078,1.7570,56.2225
two_sided,1,32,0.02,0.8,0.86035,4.30276,0.57092,1.51763,1.7516,56.0502
two_sided,2,32,0.02,0.8,0.86035,4.29592,0.56944,1.51737,1.7561,56.1958
two_sided,0,48,0.02,0.8,0.87207,4.36180,0.66619,1.55999,1.5011,72.0518
two_sided,1,48,0.02,0.8,0.87207,4.35644,0.66507,1.55967,1.5036,72.1729
two_sided,2,48,0.02,0.8,0.87207,4.36356,0.66704,1.55959,1.4992,71.9595
two_sided,0,1,0.02,0.9,0.50488,5.05596,0.09200,1.14037,10.8696,10.8696
two_sided,1,1,0.02,0.9,0.49316,4.94190,0.09133,1.11973,10.9489,10.9489
two_sided,2,1,0.02,0.9,0.47559,4.74240,0.08800,1.09828,11.3636,11.3636
two_sided,0,2,0.02,0.9,0.65918,6.58266,0.12300,1.28904,8.1301,16.2602
two_sided,1,2,0.02,0.9,0.63770,6.38049,0.12433,1.24399,8.0429,16.0858
two_sided,2,2,0.02,0.9,0.65137,6.51420,0.12717,1.25554,7.8637,15.7274
two_sided,0,3,0.02,0.9,0.72363,7.23897,0.14544,1.32275,6.8755,20.6264
two_sided,1,3,0.02,0.9,0.73145,7.30260,0.14700,1.32758,6.8027,20.4082
two_sided,2,3,0.02,0.9,0.73340,7.33539,0.14733,1.33199,6.7873,20.3620
two_sided,0,4,0.02,0.9,0.78027,7.81831,0.16508,1.36190,6.0575,24.2302
two_sided,1,4,0.02,0.9,0.79004,7.88838,0.16417,1.37688,6.0914,24.3655
two_sided,2,4,0.02,0.9,0.77441,7.74542,0.16133,1.36307,6.1983,24.7934
two_sided,0,6,0.02,0.9,0.86230,8.62323,0.19022,1.43611,5.2570,31.5421
two_sided,1,6,0.02,0.9,0.86035,8.59410,0.19044,1.43083,5.2509,31.5053
two_sided,2,6,0.02,0.9,0.86035,8.59516,0.19100,1.42933,5.2356,31.4136
two_sided,0,8,0.02,0.9,0.91504,9.13852,0.21175,1.47733,4.7226,37.7804
two_sided,1,8,0.02,0.9,0.91309,9.13213,0.21067,1.47925,4.7468,37.9747
two_sided,2,8,0.02,0.9,0.91895,9.20543,0.21075,1.49022,4.7450,37.9597
two_sided,0,12,0.02,0.9,0.99121,9.90731,0.24378,1.55168,4.1021,49.2252
two_sided,1,12,0.02,0.9,0.98730,9.87324,0.24608,1.54148,4.0637,48.7640
two_sided,2,12,0.02,0.9,0.99512,9.96240,0.24428,1.55855,4.0937,49.1244
two_sided,0,16,0.02,0.9,1.03223,10.33261,0.27267,1.58471,3.6675,58.6797
two_sided,1,16,0.02,0.9,1.03418,10.35001,0.27137,1.58979,3.6849,58.9590
two_sided,2,16,0.02,0.9,1.04004,10.39217,0.26958,1.59943,3.7094,59.3509
two_sided,0,24,0.02,0.9,1.09668,10.95989,0.31668,1.64894,3.1578,75.7861
two_sided,1,24,0.02,0.9,1.09277,10.93474,0.31772,1.64374,3.1474,75.5377
two_sided,2,24,0.02,0.9,1.09277,10.93699,0.31919,1.64150,3.1329,75.1893
two_sided,0,32,0.02,0.9,1.12988,11.29692,0.35521,1.68326,2.8152,90.0880
two_sided,1,32,0.02,0.9,1.12793,11.28496,0.35837,1.67680,2.7904,89.2919
two_sided,2,32,0.02,0.9,1.12793,11.27803,0.35737,1.67743,2.7982,89.5418
two_sided,0,48,0.02,0.9,1.16699,11.66435,0.42459,1.72290,2.3552,113.0502
two_sided,1,48,0.02,0.9,1.16504,11.65884,0.42524,1.72135,2.3516,112.8766
two_sided,2,48,0.02,0.9,1.16699,11.66335,0.42500,1.72224,2.3529,112.9412
two_sided,0,1,0.02,0.95,0.67285,13.49947,0.05933,1.29145,16.8539,16.8539
two_sided,1,1,0.02,0.95,0.66113,13.19438,0.06500,1.21010,15.3846,15.3846
two_sided,2,1,0.02,0.95,0.64746,12.93764,0.06300,1.20401,15.8730,15.8730
two_sided,0,2,0.02,0.95,0.84277,16.87085,0.07617,1.45408,13.1291,26.2582
two_sided,1,2,0.02,0.95,0.81934,16.36626,0.08117,1.37488,12.3203,24.6407
two_sided,2,2,0.02,0.95,0.82715,16.54601,0.08083,1.39201,12.3711,24.7423
two_sided,0,3,0.02,0.95,0.90332,18.08339,0.09089,1.46250,11.0024,33.0073
two_sided,1,3,0.02,0.95,0.91113,18.20988,0.09256,1.46236,10.8043,32.4130
two_sided,2,3,0.02,0.95,0.91309,18.25330,0.09189,1.46978,10.8827,32.6481
two_sided,0,4,0.02,0.95,0.96973,19.37361,0.10125,1.51380,9.8765,39.5062
two_sided,1,4,0.02,0.95,0.96973,19.37532,0.10250,1.50729,9.7561,39.0244
two_sided,2,4,0.02,0.95,0.95996,19.16309,0.10317,1.48778,9.6931,38.7722
two_sided,0,6,0.02,0.95,1.04395,20.88078,0.11739,1.56594,8.5187,51.1122
two_sided,1,6,0.02,0.95,1.04395,20.87044,0.11750,1.56470,8.5106,51.0638
two_sided,2,6,0.02,0.95,1.04395,20.87792,0.11894,1.55891,8.4073,50.4437
two_sided,0,8,0.02,0.95,1.10059,21.98590,0.12829,1.61592,7.7947,62.3579
two_sided,1,8,0.02,0.95,1.10254,22.02698,0.12850,1.61798,7.7821,62.2568
two_sided,2,8,0.02,0.95,1.10449,22.10012,0.12821,1.62431,7.7998,62.3984
two_sided,0,12,0.02,0.95,1.18262,23.66862,0.14617,1.69598,6.8415,82.0981
two_sided,1,12,0.02,0.95,1.17871,23.55543,0.14700,1.68539,6.8027,81.6327
two_sided,2,12,0.02,0.95,1.18652,23.71974,0.14681,1.69722,6.8117,81.7408
two_sided,0,16,0.02,0.95,1.22754,24.53883,0.16369,1.72434,6.1092,97.7472
two_sided,1,16,0.02,0.95,1.22949,24.58048,0.16225,1.73151,6.1633,98.6133
two_sided,2,16,0.02,0.95,1.23730,24.74238,0.16258,1.74119,6.1507,98.4111
two_sided,0,24,0.02,0.95,1.29590,25.94576,0.18883,1.79265,5.2957,127.0962
two_sided,1,24,0.02,0.95,1.29395,25.87655,0.18972,1.78591,5.2709,126.5007
two_sided,2,24,0.02,0.95,1.29395,25.90610,0.18889,1.78997,5.2941,127.0588
two_sided,0,32,0.02,0.95,1.33691,26.71193,0.21104,1.82829,4.7384,151.6288
two_sided,1,32,0.02,0.95,1.33496,26.66775,0.21222,1.82280,4.7121,150.7878
two_sided,2,32,0.02,0.95,1.33301,26.64754,0.21114,1.82405,4.7363,151.5615
two_sided,0,48,0.02,0.95,1.38379,27.67457,0.25348,1.87037,3.9451,189.3647
two_sided,1,48,0.02,0.95,1.38184,27.65343,0.25263,1.87073,3.9583,189.9997
two_sided,2,48,0.02,0.95,1.38184,27.65695,0.25297,1.87028,3.9530,189.7442
two_sided,0,1,0.05,0.8,0.32715,1.64317,0.13667,1.02126,7.3171,7.3171
two_sided,1,1,0.05,0.8,0.32324,1.61692,0.14200,0.98075,7.0423,7.0423
two_sided,2,1,0.05,0.8,0.30371,1.51357,0.13233,0.96905,7.5567,7.5567
two_sided,0,2,0.05,0.8,0.44043,2.19829,0.19667,1.12567,5.0847,10.1695
two_sided,1,2,0.05,0.8,0.42676,2.13635,0.19767,1.09414,5.0590,10.1180
two_sided,2,2,0.05,0.8,0.43262,2.16355,0.19633,1.11103,5.0934,10.1868
two_sided,0,3,0.05,0.8,0.48730,2.43958,0.24022,1.15180,4.1628,12.4884
two_sided,1,3,0.05,0.8,0.49902,2.49013,0.24378,1.16259,4.1021,12.3063
two_sided,2,3,0.05,0.8,0.49902,2.49121,0.24344,1.16394,4.1077,12.3231
two_sided,0,4,0.05,0.8,0.53613,2.67598,0.27867,1.19476,3.5885,14.3541
two_sided,1,4,0.05,0.8,0.54004,2.69902,0.27508,1.21215,3.6353,14.5410
two_sided,2,4,0.05,0.8,0.52832,2.64721,0.27608,1.18997,3.6221,14.4884
two_sided,0,6,0.05,0.8,0.58691,2.94009,0.33639,1.24798,2.9727,17.8365
two_sided,1,6,0.05,0.8,0.59082,2.95396,0.33767,1.25031,2.9615,17.7690
two_sided,2,6,0.05,0.8,0.58691,2.93862,0.33539,1.24944,2.9816,17.8897
two_sided,0,8,0.05,0.8,0.61816,3.09148,0.38496,1.27960,2.5977,20.7815
two_sided,1,8,0.05,0.8,0.61816,3.09424,0.38350,1.28302,2.6076,20.8605
two_sided,2,8,0.05,0.8,0.62598,3.13027,0.38467,1.29290,2.5997,20.7972
two_sided,0,12,0.05,0.8,0.65723,3.29175,0.46447,1.33565,2.1530,25.8358
two_sided,1,12,0.05,0.8,0.65527,3.27259,0.46242,1.33276,2.1626,25.9506
two_sided,2,12,0.05,0.8,0.65723,3.28769,0.45967,1.34148,2.1755,26.1059
two_sided,0,16,0.05,0.8,0.66504,3.32821,0.53035,1.35652,1.8855,30.1685
two_sided,1,16,0.05,0.8,0.66699,3.33741,0.53008,1.35958,1.8865,30.1839
two_sided,2,16,0.05,0.8,0.67090,3.35035,0.52790,1.36626,1.8943,30.3090
two_sided,0,24,0.05,0.8,0.66699,3.33278,0.63732,1.39875,1.5691,37.6577
two_sided,1,24,0.05,0.8,0.66309,3.32009,0.63743,1.39508,1.5688,37.6512
two_sided,2,24,0.05,0.8,0.66309,3.31976,0.63801,1.39432,1.5674,37.6167
two_sided,0,32,0.05,0.8,0.63965,3.20418,0.72388,1.41474,1.3815,44.2065
two_sided,1,32,0.05,0.8,0.63965,3.20146,0.72443,1.41342,1.3804,44.1728
two_sided,2,32,0.05,0.8,0.63965,3.20137,0.72562,1.41212,1.3781,44.0999
two_sided,0,48,0.05,0.8,0.56543,2.82237,0.84537,1.44115,1.1829,56.7795
two_sided,1,48,0.05,0.8,0.56543,2.82296,0.84581,1.44085,1.1823,56.7506
two_sided,2,48,0.05,0.8,0.56543,2.82805,0.84588,1.44210,1.1822,56.7455
two_sided,0,1,0.05,0.9,0.48926,4.89890,0.09300,1.13492,10.7527,10.7527
two_sided,1,1,0.05,0.9,0.48340,4.82343,0.09400,1.11159,10.6383,10.6383
two_sided,2,1,0.05,0.9,0.45996,4.63225,0.09167,1.08532,10.9091,10.9091
two_sided,0,2,0.05,0.9,0.63770,6.36914,0.12900,1.27164,7.7519,15.5039
two_sided,1,2,0.05,0.9,0.61816,6.18522,0.12983,1.23343,7.7022,15.4044
two_sided,2,2,0.05,0.9,0.62988,6.30206,0.13300,1.24024,7.5188,15.0376
two_sided,0,3,0.05,0.9,0.69629,6.97327,0.15611,1.30041,6.4057,19.2171
two_sided,1,3,0.05,0.9,0.70410,7.03884,0.15711,1.30776,6.3649,19.0948
two_sided,2,3,0.05,0.9,0.70605,7.05431,0.15522,1.31777,6.4424,19.3271
two_sided,0,4,0.05,0.9,0.74902,7.49508,0.17842,1.34083,5.6049,22.4194
two_sided,1,4,0.05,0.9,0.75684,7.56091,0.17692,1.35656,5.6524,22.6095
two_sided,2,4,0.05,0.9,0.74121,7.40943,0.17333,1.34411,5.7692,23.0769
two_sided,0,6,0.05,0.9,0.81543,8.16323,0.21233,1.40048,4.7096,28.2575
two_sided,1,6,0.05,0.9,0.81543,8.15341,0.21022,1.40485,4.7569,28.5412
two_sided,2,6,0.05,0.9,0.81543,8.14060,0.21161,1.39902,4.7256,28.3539
two_sided,0,8,0.05,0.9,0.85840,8.58182,0.23988,1.44098,4.1688,33.3507
two_sided,1,8,0.05,0.9,0.85645,8.57312,0.24046,1.43829,4.1587,33.2698
two_sided,2,8,0.05,0.9,0.86426,8.63812,0.23908,1.45115,4.1826,33.4611
two_sided,0,12,0.05,0.9,0.91699,9.15740,0.28831,1.49990,3.4685,41.6225
two_sided,1,12,0.05,0.9,0.91309,9.13727,0.29058,1.49253,3.4414,41.2962
two_sided,2,12,0.05,0.9,0.91895,9.20029,0.28814,1.50618,3.4705,41.6466
two_sided,0,16,0.05,0.9,0.94238,9.42916,0.33404,1.52266,2.9936,47.8982
two_sided,1,16,0.05,0.9,0.94238,9.43012,0.33229,1.52584,3.0094,48.1505
two_sided,2,16,0.05,0.9,0.94824,9.48045,0.32987,1.53684,3.0315,48.5032
two_sided,0,24,0.05,0.9,0.97559,9.75305,0.40796,1.56777,2.4512,58.8295
two_sided,1,24,0.05,0.9,0.97363,9.73311,0.40619,1.56780,2.4619,59.0850
two_sided,2,24,0.05,0.9,0.97363,9.72865,0.40721,1.56575,2.4557,58.9379
two_sided,0,32,0.05,0.9,0.98340,9.82582,0.47172,1.59090,2.1199,67.8370
two_sided,1,32,0.05,0.9,0.98145,9.81426,0.47569,1.58440,2.1022,67.2711
two_sided,2,32,0.05,0.9,0.97949,9.80572,0.47471,1.58459,2.1066,67.4098
two_sided,0,48,0.05,0.9,0.97363,9.72963,0.58756,1.61081,1.7019,81.6934
two_sided,1,48,0.05,0.9,0.97168,9.71591,0.58683,1.60998,1.7041,81.7959
two_sided,2,48,0.05,0.9,0.97363,9.73178,0.58791,1.61069,1.7009,81.6452
two_sided,0,1,0.05,0.95,0.66113,13.25221,0.06033,1.28425,16.5746,16.5746
two_sided,1,1,0.05,0.95,0.65137,13.03974,0.06633,1.20897,15.0754,15.0754
two_sided,2,1,0.05,0.95,0.63770,12.74020,0.06467,1.19616,15.4639,15.4639
two_sided,0,2,0.05,0.95,0.82715,16.57329,0.08033,1.43709,12.4481,24.8963
two_sided,1,2,0.05,0.95,0.80176,16.06318,0.08533,1.36021,11.7188,23.4375
two_sided,2,2,0.05,0.95,0.80957,16.17321,0.08467,1.37351,11.8110,23.6220
two_sided,0,3,0.05,0.95,0.88184,17.59196,0.09533,1.44802,10.4895,31.4685
two_sided,1,3,0.05,0.95,0.88965,17.79167,0.09889,1.44288,10.1124,30.3371
two_sided,2,3,0.05,0.95,0.89160,17.82328,0.09767,1.45224,10.2389,30.7167
two_sided,0,4,0.05,0.95,0.94043,18.80737,0.10967,1.48766,9.1185,36.4742
two_sided,1,4,0.05,0.95,0.94238,18.82129,0.10942,1.48994,9.1394,36.5575
two_sided,2,4,0.05,0.95,0.93066,18.60936,0.11067,1.46810,9.0361,36.1446
two_sided,0,6,0.05,0.95,1.00879,20.18549,0.12933,1.54208,7.7320,46.3918
two_sided,1,6,0.05,0.95,1.00684,20.16294,0.12950,1.53981,7.7220,46.3320
two_sided,2,6,0.05,0.95,1.00879,20.15097,0.13094,1.53310,7.6368,45.8210
two_sided,0,8,0.05,0.95,1.05762,21.16545,0.14713,1.57995,6.7969,54.3755
two_sided,1,8,0.05,0.95,1.05762,21.14918,0.14533,1.58527,6.8807,55.0459
two_sided,2,8,0.05,0.95,1.06152,21.23293,0.14517,1.59158,6.8886,55.1091
two_sided,0,12,0.05,0.95,1.12598,22.49344,0.17233,1.65140,5.8027,69.6325
two_sided,1,12,0.05,0.95,1.12012,22.39978,0.17397,1.64034,5.7480,68.9765
two_sided,2,12,0.05,0.95,1.12988,22.59098,0.17381,1.65329,5.7536,69.0427
two_sided,0,16,0.05,0.95,1.15723,23.11864,0.19850,1.67454,5.0378,80.6045
two_sided,1,16,0.05,0.95,1.15918,23.17189,0.19848,1.67796,5.0383,80.6130
two_sided,2,16,0.05,0.95,1.16699,23.32452,0.19810,1.68861,5.0478,80.7656
two_sided,0,24,0.05,0.95,1.20410,24.10813,0.24417,1.72391,4.0956,98.2935
two_sided,1,24,0.05,0.95,1.20215,24.02759,0.24443,1.71845,4.0911,98.1874
two_sided,2,24,0.05,0.95,1.20215,24.05364,0.24436,1.72018,4.0923,98.2153
two_sided,0,32,0.05,0.95,1.22559,24.51650,0.28439,1.74880,3.5164,112.5234
two_sided,1,32,0.05,0.95,1.22363,24.44583,0.28540,1.74277,3.5039,112.1250
two_sided,2,32,0.05,0.95,1.22168,24.44769,0.28568,1.74237,3.5005,112.0146
two_sided,0,48,0.05,0.95,1.24121,24.84899,0.36271,1.77100,2.7570,132.3377
two_sided,1,48,0.05,0.95,1.24121,24.82667,0.36222,1.77044,2.7608,132.5179
two_sided,2,48,0.05,0.95,1.24121,24.84134,0.36297,1.77018,2.7551,132.2441
two_sided,0,1,0.1,0.8,0.30176,1.50865,0.14100,1.01402,7.0922,7.0922
two_sided,1,1,0.1,0.8,0.29980,1.49741,0.14967,0.96677,6.6815,6.6815
two_sided,2,1,0.1,0.8,0.27637,1.38798,0.14133,0.94551,7.0755,7.0755
two_sided,0,2,0.1,0.8,0.39551,1.97274,0.21100,1.09899,4.7393,9.4787
two_sided,1,2,0.1,0.8,0.38379,1.91551,0.21583,1.05851,4.6332,9.2664
two_sided,2,2,0.1,0.8,0.38965,1.95040,0.21433,1.07835,4.6656,9.3313
two_sided,0,3,0.1,0.8,0.42871,2.14733,0.26689,1.11277,3.7469,11.2406
two_sided,1,3,0.1,0.8,0.44238,2.21423,0.27056,1.12926,3.6961,11.0883
two_sided,2,3,0.1,0.8,0.44043,2.20554,0.27100,1.12479,3.6900,11.0701
two_sided,0,4,0.1,0.8,0.46387,2.32053,0.31450,1.15099,3.1797,12.7186
two_sided,1,4,0.1,0.8,0.46973,2.34439,0.30842,1.17318,3.2424,12.9695
two_sided,2,4,0.1,0.8,0.45996,2.29789,0.31408,1.14377,3.1839,12.7355
two_sided,0,6,0.1,0.8,0.49316,2.46751,0.39183,1.19119,2.5521,15.3126
two_sided,1,6,0.1,0.8,0.49512,2.47597,0.39122,1.19505,2.5561,15.3366
two_sided,2,6,0.1,0.8,0.49512,2.47415,0.39217,1.19277,2.5499,15.2996
two_sided,0,8,0.1,0.8,0.50293,2.51097,0.45913,1.21126,2.1781,17.4244
two_sided,1,8,0.1,0.8,0.50098,2.50678,0.45533,1.21586,2.1962,17.5695
two_sided,2,8,0.1,0.8,0.51074,2.55508,0.45896,1.22514,2.1788,17.4308
two_sided,0,12,0.1,0.8,0.50293,2.50967,0.56567,1.25411,1.7678,21.2139
two_sided,1,12,0.1,0.8,0.49902,2.49916,0.56622,1.25035,1.7661,21.1931
two_sided,2,12,0.1,0.8,0.50098,2.50787,0.56475,1.25482,1.7707,21.2483
two_sided,0,16,0.1,0.8,0.47363,2.36373,0.65706,1.26139,1.5219,24.3508
two_sided,1,16,0.1,0.8,0.47559,2.37515,0.65417,1.26803,1.5287,24.4586
two_sided,2,16,0.1,0.8,0.47754,2.38875,0.65446,1.27144,1.5280,24.4477
two_sided,0,24,0.1,0.8,0.40332,2.01197,0.78890,1.29046,1.2676,30.4220
two_sided,1,24,0.1,0.8,0.40137,2.00117,0.78929,1.28718,1.2670,30.4070
two_sided,2,24,0.1,0.8,0.39941,1.99957,0.79021,1.28573,1.2655,30.3717
two_sided,0,32,0.1,0.8,0.30566,1.52728,0.87858,1.30293,1.1382,36.4223
two_sided,1,32,0.1,0.8,0.30566,1.52326,0.87861,1.30186,1.1382,36.4210
two_sided,2,32,0.1,0.8,0.30566,1.52578,0.87941,1.30161,1.1371,36.3882
two_sided,0,48,0.1,0.8,0.08105,0.40995,0.96760,1.34335,1.0335,49.6071
two_sided,1,48,0.1,0.8,0.08105,0.40415,0.96624,1.34368,1.0349,49.6773
two_sided,2,48,0.1,0.8,0.08105,0.40781,0.96697,1.34364,1.0342,49.6398
two_sided,0,1,0.1,0.9,0.46973,4.70364,0.09700,1.12370,10.3093,10.3093
two_sided,1,1,0.1,0.9,0.46191,4.62023,0.09900,1.09280,10.1010,10.1010
two_sided,2,1,0.1,0.9,0.44434,4.44315,0.09500,1.08094,10.5263,10.5263
two_sided,0,2,0.1,0.9,0.60645,6.06179,0.14033,1.24448,7.1259,14.2518
two_sided,1,2,0.1,0.9,0.58691,5.86372,0.14017,1.20974,7.1344,14.2687
two_sided,2,2,0.1,0.9,0.59668,5.96524,0.14267,1.21687,7.0093,14.0187
two_sided,0,3,0.1,0.9,0.65137,6.52752,0.17222,1.26743,5.8065,17.4194
two_sided,1,3,0.1,0.9,0.66113,6.61977,0.17267,1.28101,5.7915,17.3745
two_sided,2,3,0.1,0.9,0.66504,6.63971,0.17256,1.28469,5.7952,17.3857
two_sided,0,4,0.1,0.9,0.69824,6.98210,0.20167,1.30328,4.9587,19.8347
two_sided,1,4,0.1,0.9,0.70410,7.03841,0.19883,1.32068,5.0293,20.1174
two_sided,2,4,0.1,0.9,0.68652,6.85677,0.19708,1.29776,5.0740,20.2960
two_sided,0,6,0.1,0.9,0.74707,7.48003,0.24772,1.35262,4.0368,24.2207
two_sided,1,6,0.1,0.9,0.74902,7.48967,0.24672,1.35647,4.0531,24.3188
two_sided,2,6,0.1,0.9,0.74707,7.46466,0.24656,1.35326,4.0559,24.3353
two_sided,0,8,0.1,0.9,0.77441,7.73904,0.28637,1.38457,3.4919,27.9354
two_sided,1,8,0.1,0.9,0.77441,7.74967,0.28746,1.38374,3.4788,27.8301
two_sided,2,8,0.1,0.9,0.78223,7.83019,0.28758,1.39464,3.4773,27.8180
two_sided,0,12,0.1,0.9,0.80762,8.07598,0.35958,1.42794,2.7810,33.3720
two_sided,1,12,0.1,0.9,0.80566,8.05214,0.36081,1.42273,2.7716,33.2589
two_sided,2,12,0.1,0.9,0.80957,8.08099,0.35722,1.43270,2.7994,33.5925
two_sided,0,16,0.1,0.9,0.81152,8.11958,0.42658,1.44019,2.3442,37.5073
two_sided,1,16,0.1,0.9,0.81152,8.12198,0.42617,1.44111,2.3465,37.5440
two_sided,2,16,0.1,0.9,0.81738,8.16696,0.42323,1.45116,2.3628,37.8046
two_sided,0,24,0.1,0.9,0.80762,8.06461,0.53765,1.46911,1.8599,44.6385
two_sided,1,24,0.1,0.9,0.80371,8.04445,0.53719,1.46724,1.8615,44.6766
two_sided,2,24,0.1,0.9,0.80176,8.02971,0.53693,1.46579,1.8624,44.6985
two_sided,0,32,0.1,0.9,0.77832,7.77603,0.63134,1.47763,1.5839,50.6855
two_sided,1,32,0.1,0.9,0.77832,7.77269,0.63273,1.47570,1.5805,50.5746
two_sided,2,32,0.1,0.9,0.77637,7.76505,0.63377,1.47366,1.5779,50.4914
two_sided,0,48,0.1,0.9,0.70215,7.01728,0.77747,1.48800,1.2862,61.7385
two_sided,1,48,0.1,0.9,0.70020,7.01235,0.77817,1.48673,1.2851,61.6834
two_sided,2,48,0.1,0.9,0.70215,7.02248,0.77872,1.48733,1.2842,61.6394
two_sided,0,1,0.1,0.95,0.64746,12.97922,0.06433,1.26169,15.5440,15.5440
two_sided,1,1,0.1,0.95,0.63574,12.73286,0.06867,1.20126,14.5631,14.5631
two_sided,2,1,0.1,0.95,0.61816,12.34441,0.06600,1.18917,15.1515,15.1515
two_sided,0,2,0.1,0.95,0.80176,16.04351,0.08700,1.40845,11.4943,22.9885
two_sided,1,2,0.1,0.95,0.77637,15.51554,0.09017,1.34535,11.0906,22.1811
two_sided,2,2,0.1,0.95,0.78223,15.67424,0.09133,1.35058,10.9489,21.8978
two_sided,0,3,0.1,0.95,0.84863,16.94480,0.10511,1.42169,9.5137,28.5412
two_sided,1,3,0.1,0.95,0.85645,17.12995,0.10867,1.41664,9.2025,27.6074
two_sided,2,3,0.1,0.95,0.85840,17.19345,0.10833,1.42308,9.2308,27.6923
two_sided,0,4,0.1,0.95,0.89551,17.93787,0.12225,1.45524,8.1800,32.7198
two_sided,1,4,0.1,0.95,0.90137,18.01758,0.12258,1.45942,8.1577,32.6309
two_sided,2,4,0.1,0.95,0.88770,17.73813,0.12300,1.43757,8.1301,32.5203
two_sided,0,6,0.1,0.95,0.95410,19.11082,0.15139,1.49634,6.6055,39.6330
two_sided,1,6,0.1,0.95,0.95605,19.10265,0.14972,1.50181,6.6790,40.0742
two_sided,2,6,0.1,0.95,0.95410,19.06624,0.15083,1.49532,6.6298,39.7790
two_sided,0,8,0.1,0.95,0.99121,19.83994,0.17500,1.53094,5.7143,45.7143
two_sided,1,8,0.1,0.95,0.99121,19.81830,0.17363,1.53380,5.7595,46.0763
two_sided,2,8,0.1,0.95,0.99707,19.93110,0.17388,1.54037,5.7513,46.0101
two_sided,0,12,0.1,0.95,1.04199,20.83799,0.21639,1.58719,4.6213,55.4557
two_sided,1,12,0.1,0.95,1.03613,20.71326,0.21692,1.57811,4.6101,55.3208
two_sided,2,12,0.1,0.95,1.04590,20.93877,0.21631,1.59366,4.6231,55.4771
two_sided,0,16,0.1,0.95,1.05762,21.14655,0.25704,1.60144,3.8904,62.2467
two_sided,1,16,0.1,0.95,1.05957,21.19888,0.25504,1.60886,3.9209,62.7348
two_sided,2,16,0.1,0.95,1.06543,21.30326,0.25433,1.61669,3.9318,62.9096
two_sided,0,24,0.1,0.95,1.07910,21.61378,0.32947,1.63671,3.0352,72.8438
two_sided,1,24,0.1,0.95,1.07715,21.55017,0.32968,1.63267,3.0332,72.7977
two_sided,2,24,0.1,0.95,1.07715,21.54621,0.33018,1.63160,3.0286,72.6875
two_sided,0,32,0.1,0.95,1.07910,21.59442,0.39495,1.65005,2.5320,81.0233
two_sided,1,32,0.1,0.95,1.07715,21.56559,0.39789,1.64420,2.5133,80.4252
two_sided,2,32,0.1,0.95,1.07715,21.55386,0.39722,1.64449,2.5175,80.5601
two_sided,0,48,0.1,0.95,1.05957,21.21297,0.51617,1.65824,1.9374,92.9932
two_sided,1,48,0.1,0.95,1.05957,21.17741,0.51449,1.65823,1.9437,93.2970
two_sided,2,48,0.1,0.95,1.05957,21.21304,0.51597,1.65847,1.9381,93.0295
two_sided,0,1,0.2,0.8,0.25488,1.27423,0.15833,0.97303,6.3158,6.3158
two_sided,1,1,0.2,0.8,0.24707,1.24174,0.16233,0.93882,6.1602,6.1602
two_sided,2,1,0.2,0.8,0.22754,1.15152,0.15600,0.91989,6.4103,6.4103
two_sided,0,2,0.2,0.8,0.31152,1.55330,0.24333,1.04079,4.1096,8.2192
two_sided,1,2,0.2,0.8,0.29980,1.50454,0.24800,1.00747,4.0323,8.0645
two_sided,2,2,0.2,0.8,0.30957,1.55028,0.24933,1.02201,4.0107,8.0214
two_sided,0,3,0.2,0.8,0.32520,1.62936,0.32333,1.04175,3.0928,9.2784
two_sided,1,3,0.2,0.8,0.33691,1.68058,0.32144,1.06417,3.1110,9.3329
two_sided,2,3,0.2,0.8,0.33105,1.65889,0.31911,1.06176,3.1337,9.4011
two_sided,0,4,0.2,0.8,0.33496,1.67289,0.38392,1.07340,2.6047,10.4189
two_sided,1,4,0.2,0.8,0.34082,1.69883,0.37767,1.09424,2.6478,10.5914
two_sided,2,4,0.2,0.8,0.32910,1.64247,0.38292,1.06527,2.6115,10.4461
two_sided,0,6,0.2,0.8,0.32520,1.62896,0.49500,1.09639,2.0202,12.1212
two_sided,1,6,0.2,0.8,0.32520,1.62964,0.49517,1.09634,2.0195,12.1171
two_sided,2,6,0.2,0.8,0.32520,1.62781,0.49461,1.09665,2.0218,12.1307
two_sided,0,8,0.2,0.8,0.29590,1.48283,0.58688,1.10448,1.7039,13.6315
two_sided,1,8,0.2,0.8,0.29590,1.47315,0.58467,1.10476,1.7104,13.6830
two_sided,2,8,0.2,0.8,0.30371,1.51797,0.58542,1.11652,1.7082,13.6655
two_sided,0,12,0.2,0.8,0.22559,1.12580,0.72606,1.12907,1.3773,16.5277
two_sided,1,12,0.2,0.8,0.22559,1.12643,0.72758,1.12734,1.3744,16.4930
two_sided,2,12,0.2,0.8,0.22168,1.11221,0.72472,1.12708,1.3798,16.5581
two_sided,0,16,0.2,0.8,0.12793,0.63634,0.82765,1.13231,1.2082,19.3319
two_sided,1,16,0.2,0.8,0.12793,0.63946,0.82621,1.13487,1.2103,19.3656
two_sided,2,16,0.2,0.8,0.13184,0.65500,0.82488,1.14055,1.2123,19.3969
two_sided,0,24,0.2,0.8,-0.08887,-0.44255,0.93789,1.16737,1.0662,25.5894
two_sided,1,24,0.2,0.8,-0.09082,-0.45183,0.93778,1.16516,1.0664,25.5924
two_sided,2,24,0.2,0.8,-0.09082,-0.45774,0.93854,1.16265,1.0655,25.5716
two_sided,0,32,0.2,0.8,-0.33691,-1.68667,0.98300,1.20454,1.0173,32.5534
two_sided,1,32,0.2,0.8,-0.33887,-1.69491,0.98282,1.20275,1.0175,32.5593
two_sided,2,32,0.2,0.8,-0.33887,-1.69123,0.98271,1.20386,1.0176,32.5631
two_sided,0,48,0.2,0.8,-0.88770,-4.44215,0.99955,1.29045,1.0005,48.0217
two_sided,1,48,0.2,0.8,-0.88965,-4.44413,0.99962,1.28978,1.0004,48.0180
two_sided,2,48,0.2,0.8,-0.88770,-4.44203,0.99956,1.29046,1.0004,48.0213
two_sided,0,1,0.2,0.9,0.43652,4.37860,0.10867,1.09007,9.2025,9.2025
two_sided,1,1,0.2,0.9,0.42676,4.26283,0.10967,1.06082,9.1185,9.1185
two_sided,2,1,0.2,0.9,0.40527,4.04904,0.10300,1.05744,9.7087,9.7087
two_sided,0,2,0.2,0.9,0.54395,5.44116,0.16100,1.19568,6.2112,12.4224
two_sided,1,2,0.2,0.9,0.52441,5.24185,0.16150,1.16002,6.1920,12.3839
two_sided,2,2,0.2,0.9,0.54004,5.39114,0.16367,1.17667,6.1100,12.2200
two_sided,0,3,0.2,0.9,0.57129,5.71651,0.20411,1.20946,4.8993,14.6979
two_sided,1,3,0.2,0.9,0.58105,5.82419,0.20567,1.22122,4.8622,14.5867
two_sided,2,3,0.2,0.9,0.58496,5.83576,0.20444,1.22682,4.8913,14.6739
two_sided,0,4,0.2,0.9,0.60254,6.02266,0.24542,1.23713,4.0747,16.2988
two_sided,1,4,0.2,0.9,0.60840,6.08136,0.24075,1.25802,4.1537,16.6147
two_sided,2,4,0.2,0.9,0.59473,5.95546,0.24283,1.23409,4.1181,16.4722
two_sided,0,6,0.2,0.9,0.62598,6.25180,0.31267,1.27379,3.1983,19.1898
two_sided,1,6,0.2,0.9,0.62988,6.28954,0.31422,1.27568,3.1825,19.0948
two_sided,2,6,0.2,0.9,0.62598,6.24722,0.31261,1.27328,3.1989,19.1932
two_sided,0,8,0.2,0.9,0.62988,6.30414,0.37758,1.28676,2.6484,21.1874
two_sided,1,8,0.2,0.9,0.62988,6.29878,0.37504,1.29051,2.6664,21.3310
two_sided,2,8,0.2,0.9,0.63965,6.39563,0.37571,1.30189,2.6616,21.2931
two_sided,0,12,0.2,0.9,0.62598,6.25484,0.48522,1.31829,2.0609,24.7309
two_sided,1,12,0.2,0.9,0.62207,6.21671,0.48392,1.31547,2.0665,24.7977
two_sided,2,12,0.2,0.9,0.62598,6.24930,0.48119,1.32341,2.0782,24.9379
two_sided,0,16,0.2,0.9,0.59277,5.92951,0.58079,1.31858,1.7218,27.5486
two_sided,1,16,0.2,0.9,0.59473,5.95029,0.57871,1.32367,1.7280,27.6478
two_sided,2,16,0.2,0.9,0.59863,5.97544,0.57769,1.32796,1.7310,27.6966
two_sided,0,24,0.2,0.9,0.52246,5.22014,0.72694,1.33547,1.3756,33.0149
two_sided,1,24,0.2,0.9,0.51855,5.19509,0.72800,1.33140,1.3736,32.9670
two_sided,2,24,0.2,0.9,0.51855,5.19124,0.72965,1.32912,1.3705,32.8924
two_sided,0,32,0.2,0.9,0.42676,4.27486,0.83360,1.33752,1.1996,38.3875
two_sided,1,32,0.2,0.9,0.42676,4.26640,0.83416,1.33596,1.1988,38.3621
two_sided,2,32,0.2,0.9,0.42676,4.26299,0.83357,1.33621,1.1997,38.3890
two_sided,0,48,0.2,0.9,0.21191,2.11683,0.94847,1.36110,1.0543,50.6081
two_sided,1,48,0.2,0.9,0.21191,2.11081,0.94772,1.36133,1.0552,50.6478
two_sided,2,48,0.2,0.9,0.21191,2.12127,0.94853,1.36153,1.0543,50.6047
two_sided,0,1,0.2,0.95,0.61816,12.37470,0.06967,1.23727,14.3541,14.3541
two_sided,1,1,0.2,0.95,0.60645,12.13559,0.07367,1.18319,13.5747,13.5747
two_sided,2,1,0.2,0.95,0.58105,11.63795,0.06933,1.17544,14.4231,14.4231
two_sided,0,2,0.2,0.95,0.75293,15.04344,0.10000,1.35858,10.0000,20.0000
two_sided,1,2,0.2,0.95,0.72559,14.52076,0.10150,1.30993,9.8522,19.7044
two_sided,2,2,0.2,0.95,0.73340,14.73926,0.10250,1.32077,9.7561,19.5122
two_sided,0,3,0.2,0.95,0.78613,15.75083,0.12556,1.36918,7.9646,23.8938
two_sided,1,3,0.2,0.95,0.79199,15.83888,0.12700,1.36880,7.8740,23.6220
two_sided,2,3,0.2,0.95,0.79395,15.87339,0.12633,1.37428,7.9156,23.7467
two_sided,0,4,0.2,0.95,0.81934,16.40755,0.14975,1.38988,6.6778,26.7112
two_sided,1,4,0.2,0.95,0.82715,16.56773,0.14950,1.40166,6.6890,26.7559
two_sided,2,4,0.2,0.95,0.81543,16.32246,0.14942,1.38540,6.6927,26.7708
two_sided,0,6,0.2,0.95,0.86426,17.27559,0.18933,1.43748,5.2817,31.6901
two_sided,1,6,0.2,0.95,0.86035,17.22385,0.19044,1.43083,5.2509,31.5053
two_sided,2,6,0.2,0.95,0.86035,17.22641,0.19100,1.42933,5.2356,31.4136
two_sided,0,8,0.2,0.95,0.88379,17.63747,0.22704,1.45721,4.4045,35.2358
two_sided,1,8,0.2,0.95,0.88184,17.63164,0.22708,1.45674,4.4037,35.2294
two_sided,2,8,0.2,0.95,0.88965,17.79700,0.22592,1.46991,4.4264,35.4113
two_sided,0,12,0.2,0.95,0.90332,18.08630,0.29711,1.48966,3.3657,40.3889
two_sided,1,12,0.2,0.95,0.90137,18.03306,0.29819,1.48440,3.3535,40.2422
two_sided,2,12,0.2,0.95,0.90723,18.16563,0.29478,1.49896,3.3924,40.7086
two_sided,0,16,0.2,0.95,0.89941,18.01177,0.36217,1.49650,2.7612,44.1786
two_sided,1,16,0.2,0.95,0.90137,18.01126,0.36085,1.49864,2.7712,44.3392
two_sided,2,16,0.2,0.95,0.90723,18.13558,0.35871,1.50935,2.7878,44.6045
two_sided,0,24,0.2,0.95,0.88574,17.74070,0.47813,1.51306,2.0915,50.1961
two_sided,1,24,0.2,0.95,0.88379,17.69024,0.47649,1.51241,2.0987,50.3687
two_sided,2,24,0.2,0.95,0.88379,17.65767,0.47533,1.51212,2.1038,50.4909
two_sided,0,32,0.2,0.95,0.85254,17.05805,0.57548,1.51623,1.7377,55.6058
two_sided,1,32,0.2,0.95,0.85254,17.03955,0.57722,1.51322,1.7324,55.4383
two_sided,2,32,0.2,0.95,0.85059,17.01789,0.57714,1.51214,1.7327,55.4463
two_sided,0,48,0.2,0.95,0.77246,15.46207,0.73510,1.51580,1.3604,65.2975
two_sided,1,48,0.2,0.95,0.77246,15.43814,0.73440,1.51523,1.3617,65.3598
two_sided,2,48,0.2,0.95,0.77441,15.46499,0.73450,1.51656,1.3615,65.3506
two_sided_exact_K1,0,1,0.02,0.8,0.34499,1.72494,0.13326,1.02970,7.5040,7.5040
two_sided_exact_K1,0,1,0.02,0.9,0.51187,5.11869,0.09264,1.14977,10.7942,10.7942
two_sided_exact_K1,0,1,0.02,0.95,0.67904,13.58076,0.06178,1.27456,16.1863,16.1863
two_sided_exact_K1,0,1,0.05,0.8,0.32939,1.64693,0.13759,1.01872,7.2679,7.2679
two_sided_exact_K1,0,1,0.05,0.9,0.49970,4.99698,0.09526,1.14086,10.4975,10.4975
two_sided_exact_K1,0,1,0.05,0.95,0.66933,13.38657,0.06332,1.26719,15.7917,15.7917
two_sided_exact_K1,0,1,0.1,0.8,0.30388,1.51939,0.14486,1.00087,6.9030,6.9030
two_sided_exact_K1,0,1,0.1,0.9,0.47983,4.79833,0.09965,1.12636,10.0352,10.0352
two_sided_exact_K1,0,1,0.1,0.95,0.65349,13.06973,0.06591,1.25521,15.1731,15.1731
two_sided_exact_K1,0,1,0.2,0.8,0.25463,1.27313,0.15961,0.96674,6.2655,6.2655
two_sided_exact_K1,0,1,0.2,0.9,0.44159,4.41593,0.10850,1.09863,9.2167,9.2167
two_sided_exact_K1,0,1,0.2,0.95,0.62301,12.46011,0.07110,1.23226,14.0653,14.0653
